symbol,name
688398,赛特新材
002838,道恩股份
300816,艾可蓝
300866,安克创新
002287,奇正藏药
300406,九强生物
002950,奥美医疗
603948,建业股份
300758,七彩化学
002773,康弘药业
002956,西麦食品
002262,恩华药业
002242,九阳股份
603040,新坐标
300776,帝尔激光
300575,中旗股份
300624,万兴科技
603666,亿嘉和
603730,岱美股份
603368,柳药股份
300855,图南股份
600276,恒瑞医药
300701,森霸传感
300596,利安隆
603506,南都物业
688356,键凯科技
002595,豪迈科技
603298,杭叉集团
603579,荣泰健康
002968,新大正
600036,招商银行
300607,拓斯达
600690,海尔智家
300852,四会富仕
300690,双一科技
000338,潍柴动力
603659,璞泰来
603605,珀莱雅
300761,立华股份
300347,泰格医药
603165,荣晟环保
603025,大豪科技
300824,北鼎股份
000963,华东医药
603408,建霖家居
002867,周大生
300879,大叶股份
603808,歌力思
000513,丽珠集团
002508,老板电器
603949,雪龙集团
688169,石头科技
300747,锐科激光
002597,金禾实业
002959,小熊电器
002812,恩捷股份
300871,回盛生物
002884,凌霄泵业
300481,濮阳惠成
603517,绝味食品
002690,美亚光电
300357,我武生物
600585,海螺水泥
688208,道通科技
300850,新强联
002215,诺 普 信
603327,福蓉科技
300751,迈为股份
603719,良品铺子
000651,格力电器
688188,柏楚电子
300773,拉卡拉
603639,海利尔
603596,伯特利  
002803,吉宏股份
603053,成都燃气
300841,康华生物
603950,长源东谷
605222,起帆电缆
300638,广和通
603811,诚意药业
603650,彤程新材
603868,飞科电器
002925,盈趣科技
601515,东风股份
300630,普利制药
603185,上机数控
603816,顾家家居
603360,百傲化学
300861,美畅股份
603203,快克股份
605399,晨光新材
688368,晶丰明源
603587,地素时尚
600563,法拉电子
603589,口子窖
300763,锦浪科技
002763,汇洁股份
002979,雷赛智能
603416,信捷电气
300699,光威复材
600507,方大特钢
000951,中国重汽
603113,金能科技
002973,侨银股份
600398,海澜之家
002677,浙江美大
603883,老百姓
002601,龙佰集团
300033,同花顺
688598,金博股份
300015,爱尔眼科
000895,双汇发展
688026,洁特生物
300815,玉禾田
002975,博杰股份
603129,春风动力
002832,比音勒芬
601225,陕西煤业
601012,隆基股份
300124,汇川技术
300770,新媒股份
603233,大参林
603156,养元饮品
002833,弘亚数控
002128,露天煤业
603338,浙江鼎力
002001,新 和 成
603899,晨光文具
002223,鱼跃医疗
601336,新华保险
603290,斯达半导
603489,八方股份
300413,芒果超媒
600298,安琪酵母
603195,公牛集团
000333,美的集团
300676,华大基因
603638,艾迪精密
600989,宝丰能源
600956,新天绿能
300755,华致酒行
002415,海康威视
300653,正海生物
603568,伟明环保
600436,片仔癀
300724,捷佳伟创
300415,伊之密
600729,重庆百货
603466,风语筑
002032,苏 泊 尔
603707,健友股份
603301,振德医疗
603198,迎驾贡酒
002737,葵花药业
300003,乐普医疗
300595,欧普康视
300869,康泰医学
300760,迈瑞医疗
688036,传音控股
603363,傲农生物
600486,扬农化工
603369,今世缘
300628,亿联网络
688016,心脉医疗
002901,大博医疗
002714,牧原股份
601865,福莱特
603267,鸿远电子
300463,迈克生物
600612,老凤祥
600519,贵州茅台
002626,金达威
300803,指南针
300782,卓胜微
600031,三一重工
002978,安宁股份
300482,万孚生物
600887,伊利股份
603260,合盛硅业
603985,恒润股份
603288,海天味业
300726,宏达电子
603501,韦尔股份
000568,泸州老窖
002605,姚记科技
601100,恒立液压
000848,承德露露
002304,洋河股份
300529,健帆生物
002847,盐津铺子
300571,平治信息
000858,五 粮 液
603392,万泰生物
601888,中国中免
603882,金域医学
600309,万华化学
603486,科沃斯
688289,圣湘生物
002022,科华生物
603444,吉比特
300146,汤臣倍健
688139,海尔生物
300783,三只松鼠
002653,海思科
600779,水井坊
600809,山西汾酒
688399,硕世生物
300122,智飞生物
002893,华通热力
002932,明德生物
002900,哈三联
300677,英科医疗
600132,重庆啤酒
688298,东方生物
688068,热景生物
